name;frameTime;F0semitoneFrom27.5Hz_sma3nz_amean;F0semitoneFrom27.5Hz_sma3nz_stddevNorm;F0semitoneFrom27.5Hz_sma3nz_percentile20.0;F0semitoneFrom27.5Hz_sma3nz_percentile50.0;F0semitoneFrom27.5Hz_sma3nz_percentile80.0;F0semitoneFrom27.5Hz_sma3nz_pctlrange0-2;F0semitoneFrom27.5Hz_sma3nz_meanRisingSlope;F0semitoneFrom27.5Hz_sma3nz_stddevRisingSlope;F0semitoneFrom27.5Hz_sma3nz_meanFallingSlope;F0semitoneFrom27.5Hz_sma3nz_stddevFallingSlope;loudness_sma3_amean;loudness_sma3_stddevNorm;loudness_sma3_percentile20.0;loudness_sma3_percentile50.0;loudness_sma3_percentile80.0;loudness_sma3_pctlrange0-2;loudness_sma3_meanRisingSlope;loudness_sma3_stddevRisingSlope;loudness_sma3_meanFallingSlope;loudness_sma3_stddevFallingSlope;spectralFlux_sma3_amean;spectralFlux_sma3_stddevNorm;mfcc1_sma3_amean;mfcc1_sma3_stddevNorm;mfcc2_sma3_amean;mfcc2_sma3_stddevNorm;mfcc3_sma3_amean;mfcc3_sma3_stddevNorm;mfcc4_sma3_amean;mfcc4_sma3_stddevNorm;jitterLocal_sma3nz_amean;jitterLocal_sma3nz_stddevNorm;shimmerLocaldB_sma3nz_amean;shimmerLocaldB_sma3nz_stddevNorm;HNRdBACF_sma3nz_amean;HNRdBACF_sma3nz_stddevNorm;logRelF0-H1-H2_sma3nz_amean;logRelF0-H1-H2_sma3nz_stddevNorm;logRelF0-H1-A3_sma3nz_amean;logRelF0-H1-A3_sma3nz_stddevNorm;F1frequency_sma3nz_amean;F1frequency_sma3nz_stddevNorm;F1bandwidth_sma3nz_amean;F1bandwidth_sma3nz_stddevNorm;F1amplitudeLogRelF0_sma3nz_amean;F1amplitudeLogRelF0_sma3nz_stddevNorm;F2frequency_sma3nz_amean;F2frequency_sma3nz_stddevNorm;F2bandwidth_sma3nz_amean;F2bandwidth_sma3nz_stddevNorm;F2amplitudeLogRelF0_sma3nz_amean;F2amplitudeLogRelF0_sma3nz_stddevNorm;F3frequency_sma3nz_amean;F3frequency_sma3nz_stddevNorm;F3bandwidth_sma3nz_amean;F3bandwidth_sma3nz_stddevNorm;F3amplitudeLogRelF0_sma3nz_amean;F3amplitudeLogRelF0_sma3nz_stddevNorm;alphaRatioV_sma3nz_amean;alphaRatioV_sma3nz_stddevNorm;hammarbergIndexV_sma3nz_amean;hammarbergIndexV_sma3nz_stddevNorm;slopeV0-500_sma3nz_amean;slopeV0-500_sma3nz_stddevNorm;slopeV500-1500_sma3nz_amean;slopeV500-1500_sma3nz_stddevNorm;spectralFluxV_sma3nz_amean;spectralFluxV_sma3nz_stddevNorm;mfcc1V_sma3nz_amean;mfcc1V_sma3nz_stddevNorm;mfcc2V_sma3nz_amean;mfcc2V_sma3nz_stddevNorm;mfcc3V_sma3nz_amean;mfcc3V_sma3nz_stddevNorm;mfcc4V_sma3nz_amean;mfcc4V_sma3nz_stddevNorm;alphaRatioUV_sma3nz_amean;hammarbergIndexUV_sma3nz_amean;slopeUV0-500_sma3nz_amean;slopeUV500-1500_sma3nz_amean;spectralFluxUV_sma3nz_amean;loudnessPeaksPerSec;VoicedSegmentsPerSec;MeanVoicedSegmentLengthSec;StddevVoicedSegmentLengthSec;MeanUnvoicedSegmentLength;StddevUnvoicedSegmentLength;equivalentSoundLevel_dBp
'STATIC#dread';0.000000;2.175434e+01;4.841216e-01;1.392906e+01;1.514869e+01;3.074448e+01;1.681542e+01;3.138113e+02;3.872617e+02;2.514664e+02;3.890047e+02;5.097929e-01;8.770408e-01;2.167397e-01;3.764287e-01;6.692578e-01;4.525182e-01;7.074055e+00;7.201984e+00;6.216653e+00;7.084747e+00;6.604084e-01;8.466412e-01;2.228817e+01;5.050043e-01;-9.529314e+00;-1.742995e+00;7.548924e+00;1.710240e+00;-1.169645e+01;-1.904469e+00;7.680179e-02;1.185354e+00;2.083393e+00;6.236149e-01;-4.846455e+00;-1.185933e+00;-2.458205e+01;-1.682422e+00;-1.092003e+01;-3.545413e+00;7.581096e+02;3.640707e-01;1.271398e+03;1.729624e-01;-1.417696e+02;-5.955977e-01;1.781150e+03;1.528323e-01;1.076914e+03;2.943245e-01;-1.418696e+02;-5.805072e-01;2.798981e+03;1.062032e-01;1.046762e+03;3.208793e-01;-1.432209e+02;-5.615078e-01;-1.444737e+01;-6.751087e-01;2.449284e+01;4.738469e-01;-7.269791e-03;-1.412704e+01;-1.973836e-02;-5.998136e-01;6.666911e-01;7.206934e-01;2.544845e+01;3.661932e-01;-1.098281e+01;-1.559876e+00;5.727098e+00;2.116437e+00;-8.842495e+00;-2.185321e+00;-1.690196e+01;2.592414e+01;-2.144265e-02;-2.205025e-02;6.613674e-01;6.327305e-01;2.751919e+00;1.047774e-01;1.279120e-01;2.500313e-01;4.788676e-01;-2.852907e+01
'PSYPOLTER#dread';0.000000;1.638106e+01;5.899040e-02;1.586399e+01;1.646002e+01;1.696439e+01;1.100402e+00;7.138766e+01;7.281267e+01;5.600634e+01;6.375479e+01;2.343360e+00;3.805183e-01;1.683107e+00;2.365586e+00;2.986266e+00;1.303159e+00;4.573171e+00;4.489110e+00;3.005825e+00;3.171835e+00;3.238717e+00;5.208265e-01;1.682708e+01;5.819433e-01;-1.235776e+01;-9.785134e-01;2.472219e+01;4.919470e-01;7.565010e+00;1.597786e+00;7.482418e-02;6.004811e-01;1.807172e+00;5.842621e-01;-2.006676e+00;-1.602209e+00;7.116125e+00;4.750855e+00;-2.265333e+00;-1.203014e+01;8.544924e+02;2.578221e-01;9.981287e+02;2.855316e-01;-7.454433e+01;-9.880888e-01;1.828849e+03;1.609512e-01;9.803228e+02;3.536181e-01;-7.351202e+01;-1.007588e+00;2.802324e+03;1.205356e-01;8.920455e+02;3.380707e-01;-7.405873e+01;-9.980561e-01;-1.305432e+01;-5.330600e-01;2.106972e+01;3.866092e-01;-1.238884e-01;-2.116220e-01;1.532965e-03;7.318608e+00;3.401711e+00;5.283964e-01;1.821074e+01;5.064833e-01;-1.092907e+01;-1.105846e+00;2.616106e+01;4.883661e-01;9.356028e+00;1.287235e+00;-6.040080e+00;1.345175e+01;-1.091077e-01;5.864876e-03;2.822551e+00;3.521127e-01;2.244309e+00;3.142857e-01;4.884014e-01;1.322414e-01;1.702943e-01;-1.408210e+01
'PSYVOICES#dread';0.000000;1.793758e+01;1.205559e-01;1.603191e+01;1.837016e+01;1.953665e+01;3.504744e+00;1.060094e+02;1.048755e+02;8.052422e+01;7.100510e+01;1.359292e+00;2.042224e-01;1.110783e+00;1.360376e+00;1.576090e+00;4.653078e-01;3.282267e+00;1.761649e+00;3.450522e+00;2.380098e+00;1.881871e+00;9.543888e-01;2.707476e+01;1.958210e-01;-2.143753e+00;-2.923467e+00;2.239786e+01;3.381510e-01;1.387518e+01;8.010285e-01;7.803372e-02;1.060113e+00;1.585243e+00;6.538846e-01;-8.335201e-01;-4.791702e+00;6.238331e-01;4.329803e+01;1.097849e+01;2.048594e+00;8.521827e+02;2.970966e-01;1.153044e+03;2.320437e-01;-4.410182e+01;-1.134342e+00;1.787590e+03;1.422547e-01;1.000052e+03;2.447442e-01;-4.376578e+01;-1.132263e+00;2.937208e+03;1.304536e-01;7.388206e+02;4.516981e-01;-4.974807e+01;-9.621773e-01;-1.509087e+01;-3.668260e-01;2.402038e+01;2.730787e-01;-7.481688e-02;-4.126744e-01;-4.141908e-03;-2.041187e+00;1.847368e+00;8.943509e-01;2.734148e+01;1.883705e-01;-1.793367e+00;-3.235874e+00;2.290742e+01;3.144469e-01;1.437084e+01;7.765800e-01;-1.065476e+01;1.902283e+01;-5.386965e-02;-4.107295e-03;2.204521e+00;2.722137e+00;2.369912e+00;3.654348e-01;4.324485e-01;5.206897e-02;6.260876e-02;-1.697692e+01
'MUTANT1#dread';0.000000;3.036052e+01;2.002691e-01;2.530310e+01;2.925251e+01;3.473072e+01;9.427612e+00;2.078432e+02;2.231843e+02;1.579808e+02;1.371549e+02;9.283009e-01;9.308325e-01;8.553301e-02;6.325568e-01;2.012460e+00;1.926926e+00;5.433324e+00;4.749967e+00;5.443118e+00;5.449810e+00;9.519467e-01;1.128544e+00;3.390971e+01;4.515761e-01;-1.595945e+01;-5.162900e-01;-1.978168e+01;-4.023163e-01;-2.100335e+01;-5.185366e-01;1.410652e-01;8.835648e-01;1.593869e+00;5.295476e-01;-2.618573e+00;-1.247872e+00;-5.644614e+00;-2.321580e+00;2.422115e+01;5.808681e-01;9.155063e+02;1.201613e-01;1.281128e+03;8.953365e-02;-6.634857e+01;-1.499820e+00;1.792505e+03;6.751809e-02;1.101775e+03;1.293043e-01;-7.391424e+01;-1.249826e+00;2.963695e+03;6.125612e-02;8.891745e+02;2.293369e-01;-8.319250e+01;-1.029283e+00;-1.023358e+01;-3.021599e-01;3.040797e+01;1.413489e-01;1.223275e-01;2.763140e-01;-2.391233e-02;-2.727429e-01;1.322861e+00;8.047889e-01;4.218163e+01;8.098442e-02;-1.849511e+01;-3.089953e-01;-2.219244e+01;-2.816800e-01;-2.580963e+01;-2.456832e-01;-5.100515e+00;1.760567e+01;8.649056e-02;-9.587943e-03;3.244236e-01;7.961784e-01;1.765650e+00;3.518182e-01;3.362580e-01;3.000000e-01;6.291718e-01;-2.417480e+01
'MUTANT2#dread';0.000000;2.192281e+01;2.084468e-01;1.869522e+01;2.149773e+01;2.353022e+01;4.834999e+00;1.838401e+02;2.064054e+02;1.131334e+02;7.104491e+01;6.528670e-01;1.261245e+00;1.133522e-02;3.142121e-01;1.195303e+00;1.183968e+00;6.227288e+00;4.039809e+00;4.554389e+00;2.077427e+00;5.446970e-01;1.556204e+00;2.245914e+01;9.975428e-01;-9.660154e+00;-1.210938e+00;-5.594018e+00;-1.312001e+00;-6.081780e+00;-1.378394e+00;9.476028e-02;1.587508e+00;1.660170e+00;7.638666e-01;-3.020942e+00;-9.640872e-01;-1.209461e+01;-1.492326e+00;6.808939e+00;2.522490e+00;5.485565e+02;3.338562e-01;1.423947e+03;1.548373e-01;-1.106959e+02;-8.524015e-01;1.423284e+03;1.399426e-01;1.197465e+03;2.643210e-01;-1.098977e+02;-8.492744e-01;2.473224e+03;9.799882e-02;9.383916e+02;3.277000e-01;-1.167359e+02;-7.383707e-01;-6.096227e+00;-8.806581e-01;2.304712e+01;3.030102e-01;3.947075e-02;5.720751e-01;-8.207192e-03;-1.568105e+00;1.084943e+00;8.996917e-01;4.082347e+01;2.173015e-01;-1.680700e+01;-5.928226e-01;-4.685538e+00;-1.676935e+00;-8.555220e+00;-9.384239e-01;-4.317636e-01;9.823631e+00;5.802317e-02;1.871203e-04;1.053180e-01;1.165501e+00;3.066038e+00;1.376923e-01;9.528531e-02;1.638462e-01;2.586515e-01;-2.605330e+01
'MUTANT3#dread';0.000000;4.061265e+01;1.095656e-01;4.023566e+01;4.247690e+01;4.313453e+01;2.898865e+00;1.982312e+02;5.506663e+01;6.963625e+01;6.949930e+01;3.260379e-01;7.290610e-01;6.183975e-02;3.450305e-01;5.766478e-01;5.148081e-01;2.297971e+00;9.253095e-01;1.910015e+00;1.249974e+00;1.202587e-01;9.223173e-01;3.394317e+01;4.571746e-01;-3.966510e+00;-2.368603e+00;-3.386691e+01;-3.582620e-01;-3.185272e+01;-4.177796e-01;3.843376e-02;1.785578e+00;9.382334e-01;7.176031e-01;9.847279e+00;7.125371e-01;9.322286e+00;1.139357e+00;4.278603e+01;2.565403e-01;7.440193e+02;2.308628e-01;1.434153e+03;1.393097e-01;-7.378759e+01;-1.363108e+00;1.596351e+03;1.130906e-01;1.146917e+03;2.481616e-01;-7.393840e+01;-1.169311e+00;2.876043e+03;1.377646e-01;1.013933e+03;3.996921e-01;-8.795901e+01;-8.769252e-01;-1.740651e+01;-2.720869e-01;4.137741e+01;1.283398e-01;1.186500e-01;3.071448e-01;-3.318626e-02;-2.251849e-01;1.727609e-01;5.704618e-01;4.319628e+01;9.581705e-02;-9.415564e+00;-6.039693e-01;-3.926323e+01;-1.771602e-01;-3.491423e+01;-2.771720e-01;-1.299396e+01;2.453951e+01;1.425794e-01;-3.008316e-02;1.183799e-02;1.978417e+00;5.444646e-01;1.240000e+00;1.690108e+00;5.700000e-01;7.495776e-01;-3.524207e+01
'SCREAM#dread';0.000000;5.578323e+01;5.869219e-02;5.496024e+01;5.676884e+01;5.731654e+01;2.356300e+00;7.854453e+01;5.655189e+01;3.727634e+01;4.375049e+01;7.378669e-01;7.598900e-01;1.460264e-01;7.052454e-01;1.258936e+00;1.112909e+00;6.671259e+00;2.631493e+00;6.436050e+00;3.239602e+00;8.686777e-01;9.750019e-01;2.746349e+01;3.136997e-01;-2.387860e+01;-8.134901e-01;-3.578662e+01;-4.307680e-01;-1.078481e+01;-7.028417e-01;3.778698e-02;9.886776e-01;1.621837e+00;3.302913e-01;9.897020e+00;3.704664e-01;2.276606e+01;5.994315e-01;2.738676e+01;4.519478e-01;7.459510e+02;3.075902e-01;1.362093e+03;1.773579e-01;-1.504916e+02;-5.713620e-01;1.598051e+03;1.104133e-01;1.138158e+03;3.107965e-01;-6.008992e+01;-1.221224e+00;2.611145e+03;1.073821e-01;1.047960e+03;3.866846e-01;-7.789430e+01;-8.266594e-01;-1.270821e+01;-3.449057e-01;3.416669e+01;2.038346e-01;-2.234801e-02;-1.397564e+00;-1.732908e-02;-3.855549e-01;1.120733e+00;7.236997e-01;3.094737e+01;1.197731e-01;-3.175041e+01;-4.633245e-01;-4.302502e+01;-1.796797e-01;-1.239703e+01;-5.741308e-01;-1.412203e+01;2.799220e+01;-2.437905e-03;-9.107400e-03;4.136840e-02;3.187251e+00;4.065041e-01;1.910000e+00;0;2.600000e-01;1.100000e-01;-2.356967e+01
'SPOOK1#dread';0.000000;0;0;0;0;0;0;0;0;0;0;2.158219e-02;3.673613e+00;6.381149e-03;6.689081e-03;7.919419e-03;1.538269e-03;1.399623e+00;9.895973e-01;1.111860e-01;0;3.543275e-03;6.961638e+00;-6.534738e+00;-8.599821e-01;1.724793e+00;3.547748e+00;-5.718912e+00;-6.780785e-01;1.207633e+00;3.649343e+00;0;0;0;0;0;0;0;0;0;0;0;0;0;0;-201;0;0;0;0;0;-201;0;0;0;0;0;-201;0;0;0;0;0;0;0;0;0;0;0;0;0;0;0;0;0;0;0;3.217900e+00;3.094349e+00;7.304038e-02;7.845549e-03;3.557686e-03;6.920415e-02;0;0;0;1.439000e+01;0;-6.038018e+01
'SPOOK2#dread';0.000000;2.674193e+01;7.432620e-02;2.593472e+01;2.658663e+01;2.777680e+01;1.842079e+00;6.961980e+01;5.091021e+01;6.210588e+01;6.581546e+01;4.274250e-01;6.093694e-01;1.517220e-01;3.964230e-01;7.050220e-01;5.533000e-01;1.348482e+00;8.242474e-01;1.263509e+00;5.199685e-01;3.134370e-01;7.865832e-01;5.052723e+01;9.969115e-02;-1.131347e+01;-6.538392e-01;-3.306488e+01;-1.975922e-01;-2.655316e+01;-1.699902e-01;6.283873e-02;1.177113e+00;1.568685e+00;5.384424e-01;-2.213397e+00;-1.412363e+00;-6.192408e+00;-1.129407e+00;3.462355e+01;2.916487e-01;8.533463e+02;1.680515e-01;1.409004e+03;1.233085e-01;-3.281568e+00;-2.258009e+01;1.768117e+03;9.913041e-02;1.191682e+03;2.482067e-01;-1.941235e+01;-3.451083e+00;2.896245e+03;1.173499e-01;1.434907e+03;2.618737e-01;-3.608811e+01;-1.695734e+00;-1.641201e+01;-1.776091e-01;3.581704e+01;1.092296e-01;1.643682e-01;9.329484e-02;-3.795141e-02;-1.301908e-01;3.612987e-01;6.455213e-01;5.171649e+01;6.505282e-02;-1.344861e+01;-4.015421e-01;-3.243589e+01;-2.042866e-01;-2.611571e+01;-1.758852e-01;-1.932755e+01;4.167150e+01;1.782479e-01;-3.839802e-02;2.347881e-02;1.377411e+00;2.808989e-01;3.120000e+00;0;2.050000e-01;1.850000e-01;-3.379419e+01
'DRONE#dread';0.000000;5.254543e+01;9.656211e-03;5.218007e+01;5.257614e+01;5.292698e+01;7.469101e-01;2.465897e+01;1.869540e+01;1.765107e+01;9.309767e+00;1.872750e-01;7.379012e-01;5.286396e-02;1.463615e-01;3.314652e-01;2.786013e-01;2.432533e+00;2.000507e+00;1.929695e+00;9.337199e-01;2.059760e-01;1.092495e+00;3.781979e+01;2.121724e-01;6.541499e+00;6.405070e-01;-2.928249e+01;-1.537683e-01;-4.586046e+01;-9.205082e-02;3.454558e-02;3.591512e-01;1.765299e+00;3.070837e-01;1.063264e+01;1.818557e-01;1.418365e+01;3.782808e-01;2.766963e+01;1.600167e-01;8.492753e+02;7.708186e-02;1.185813e+03;9.560454e-02;-1.710897e+02;-3.581779e-01;1.871748e+03;6.757882e-02;1.157945e+03;2.337730e-01;-9.022385e+01;-6.712393e-01;3.077921e+03;3.020900e-02;9.193608e+02;1.900097e-01;-1.004087e+02;-5.452193e-01;-3.220346e+01;-9.622491e-02;5.370296e+01;4.682012e-02;1.493634e-01;1.322505e-01;-6.358342e-02;-8.119991e-02;2.671252e-01;8.484744e-01;4.120624e+01;9.497721e-02;4.966420e+00;5.994573e-01;-2.972440e+01;-1.239203e-01;-4.639263e+01;-7.349584e-02;-2.996107e+01;4.551761e+01;1.683967e-01;-5.935194e-02;2.626068e-02;3.504043e+00;5.479452e-01;1.370000e+00;1.350000e+00;2.075000e-01;2.216275e-01;-3.705821e+01
'DARKAMB#dread';0.000000;0;0;0;0;0;0;0;0;0;0;2.525200e-02;4.257086e+00;4.660336e-03;4.922369e-03;5.230680e-03;5.703438e-04;6.588663e+00;3.391355e+00;1.628247e+00;1.420437e+00;5.251190e-03;6.395833e+00;-1.164091e+01;-2.859889e-01;-1.279950e+00;-3.417458e+00;-1.565340e+00;-2.198007e+00;-1.619794e+00;-1.974414e+00;0;0;0;0;0;0;0;0;0;0;0;0;0;0;-201;0;0;0;0;0;-201;0;0;0;0;0;-201;0;0;0;0;0;0;0;0;0;0;0;0;0;0;0;0;0;0;0;7.451744e+00;-1.488284e+00;8.248265e-02;1.336806e-02;5.269046e-03;1.142204e-01;0;0;0;1.745000e+01;0;-5.753773e+01
'UGDRONE#dread';0.000000;4.005621e+01;8.583541e-04;4.003140e+01;4.006006e+01;4.008178e+01;5.037689e-02;0;0;-2.798462e-02;0;6.484891e-01;8.391984e-01;8.634511e-02;6.162340e-01;1.059421e+00;9.730763e-01;1.076901e+01;9.429966e+00;6.226314e+00;4.423722e+00;1.941543e-01;1.169586e+00;-2.210087e+00;-5.300858e+00;-5.941142e+00;-1.094273e+00;-9.377180e-01;-5.921764e+00;-9.771645e+00;-1.005664e+00;1.652712e-02;0;1.514113e+00;1.809720e-01;-3.592044e+00;-2.398310e-01;2.950062e+00;2.079163e-01;9.836712e+00;1.127651e-01;5.887805e+02;3.332587e-01;1.197823e+03;2.363973e-02;-2.004332e+02;-3.400272e-02;1.606186e+03;9.639106e-02;8.382002e+02;2.948394e-02;-1.989523e+02;-8.306783e-02;2.543558e+03;7.037070e-02;7.921220e+02;2.768899e-02;-1.989404e+02;-8.355892e-02;-1.602186e+00;-1.663516e-01;7.750349e+00;3.210379e-02;1.100854e-01;1.122284e-01;-1.420700e-02;-1.040116e-01;5.048844e-02;9.031908e-03;5.742556e+00;4.905540e-02;-1.193560e+01;-4.052192e-02;1.891791e+00;3.177796e-01;-2.156204e+01;-8.506701e-02;2.043884e+00;3.375401e+00;1.167054e-01;-5.847326e-03;1.999037e-01;1.393728e+00;3.546099e-01;2.000000e-02;0;1.385000e+00;4.650000e-01;-3.468635e+01
'UGMETAL#dread';0.000000;0;0;0;0;0;0;0;0;0;0;1.485433e+00;4.964205e-02;1.417800e+00;1.491726e+00;1.553048e+00;1.352485e-01;2.929611e+00;1.443962e+00;2.562047e+00;1.068528e+00;5.441570e-01;1.052768e-01;-5.269278e+00;-2.694165e-01;5.448405e-01;4.348114e+00;6.239442e+00;4.086883e-01;1.935188e+00;1.917875e+00;0;0;0;0;0;0;0;0;0;0;0;0;0;0;-201;0;0;0;0;0;-201;0;0;0;0;0;-201;0;0;0;0;0;0;0;0;0;0;0;0;0;0;0;0;0;0;0;2.763315e+00;2.433966e+00;-2.208122e-02;2.334085e-03;5.465389e-01;1.063830e+01;0;0;0;2.290000e+00;0;-3.169770e+01
'UGNOISE#dread';0.000000;1.589398e+01;1.507183e-01;1.393036e+01;1.557748e+01;1.746158e+01;3.531216e+00;1.910649e+02;1.061428e+02;1.169131e+02;7.635606e+01;5.376063e-01;9.703863e-01;3.081124e-02;3.604697e-01;9.308432e-01;9.000320e-01;1.130509e+01;5.245775e+00;4.395692e+00;2.510845e+00;3.352973e+00;1.034777e+00;3.128587e+01;4.870088e-01;1.522160e+01;6.098623e-01;1.228667e+01;6.038954e-01;7.909895e+00;7.922654e-01;3.029296e-01;5.574058e-01;2.833748e+00;6.303239e-01;-6.881627e+00;-8.465018e-01;1.576784e+01;2.066823e+00;4.031803e+01;4.750765e-01;9.007004e+02;1.815303e-01;1.481763e+03;1.058634e-01;-1.410522e+02;-5.194798e-01;2.008930e+03;6.851445e-02;1.381710e+03;1.090312e-01;-1.461732e+02;-4.590457e-01;3.104749e+03;4.490775e-02;1.316355e+03;1.217698e-01;-1.488443e+02;-4.285250e-01;-3.705519e+01;-1.658114e-01;5.182911e+01;1.421261e-01;-1.201093e-01;-1.774843e-01;-2.361428e-02;-3.903312e-01;4.229459e+00;6.938039e-01;3.806310e+01;1.717825e-01;1.815793e+01;3.355850e-01;1.480514e+01;3.220270e-01;1.000557e+01;4.800975e-01;-3.479444e+01;4.870583e+01;-4.909535e-02;-1.232869e-02;3.787061e+00;1.055409e+00;4.812834e+00;6.444445e-02;3.715167e-02;1.288235e-01;1.777600e-01;-1.570359e+01
'NIGHTSPOOP#dread';0.000000;4.603724e+01;1.166349e-01;3.766162e+01;4.865337e+01;4.958303e+01;1.192141e+01;1.673743e+02;1.588142e+02;1.239553e+02;2.014539e+02;2.968256e-02;1.418569e+00;6.081517e-03;6.389449e-03;5.736207e-02;5.128055e-02;8.002580e-01;4.547780e-01;7.763913e-01;5.444807e-01;1.016140e-02;2.387041e+00;8.573008e+00;2.671569e+00;1.789914e+00;4.040350e+00;-1.338864e+01;-8.239105e-01;-1.296486e+01;-1.253345e+00;3.885885e-02;9.688542e-01;1.554282e+00;4.009568e-01;1.040029e+01;2.407558e-01;1.558885e+01;5.659431e-01;3.707769e+01;2.909089e-01;8.902211e+02;1.248624e-01;1.338818e+03;1.571373e-01;-1.833367e+02;-2.888278e-01;1.796236e+03;1.102039e-01;1.349142e+03;2.404088e-01;-1.837242e+02;-2.652768e-01;3.077165e+03;5.946137e-02;8.790662e+02;3.886301e-01;-1.849015e+02;-2.455839e-01;-2.656794e+01;-1.546633e-01;4.767334e+01;9.151019e-02;1.684396e-01;1.428396e-01;-4.110011e-02;-1.701452e-01;6.696315e-02;5.631530e-01;4.205192e+01;8.551965e-02;-1.525023e+00;-2.917036e+00;-2.885019e+01;-2.277105e-01;-4.203175e+01;-1.316283e-01;-2.370114e+00;1.256889e+01;1.091923e-01;-4.303856e-03;3.381673e-03;7.584597e-01;3.963012e-01;2.603704e-01;6.768472e-01;2.419200e+00;1.025648e+01;-5.601048e+01
'CROW1#tame';0.000000;4.077534e+01;3.715213e-02;3.935275e+01;4.136129e+01;4.194672e+01;2.593971e+00;4.437801e+01;1.602611e+01;1.161486e+01;2.284536e-01;6.032259e-01;5.629063e-01;2.943998e-01;6.176481e-01;9.719253e-01;6.775255e-01;2.981172e+00;3.094020e+00;1.373651e+00;0;3.156511e-01;6.828718e-01;1.766678e+01;5.433251e-01;-2.925911e+01;-2.210223e-01;-3.200526e+01;-2.205969e-01;-6.477131e+00;-1.544273e+00;7.158764e-02;3.972084e-01;1.985717e+00;3.031486e-01;-3.758879e+00;-9.669088e-01;-5.043534e+00;-1.428937e+00;7.395947e+00;1.191290e+00;8.227515e+02;2.185274e-01;1.206020e+03;1.860473e-01;-1.406646e+01;-2.025031e+00;1.656180e+03;9.883384e-02;1.114517e+03;3.743225e-01;-8.365234e+00;-3.042852e+00;2.893979e+03;1.332468e-01;5.871680e+02;5.276775e-01;-2.784635e+01;-8.759004e-01;5.022339e+00;6.575323e-01;2.611367e+01;1.977894e-01;1.528242e-01;1.466920e-01;4.032787e-02;1.244495e-01;3.456211e-01;5.910398e-01;1.713816e+01;5.740449e-01;-2.944627e+01;-2.067246e-01;-3.202216e+01;-2.158632e-01;-6.993013e+00;-1.503104e+00;4.162726e+00;2.351686e+01;1.263360e-01;3.608875e-02;4.928218e-02;1.176471e+00;1.265823e+00;7.600000e-01;0;0;0;-3.502358e+01
'CROW2#tame';0.000000;4.539374e+01;1.708766e-01;4.349604e+01;4.913956e+01;4.958099e+01;6.084953e+00;1.642351e+02;3.870767e+01;2.162158e+01;3.800871e+01;3.201172e-01;9.485669e-01;2.370726e-02;3.019487e-01;4.672038e-01;4.434965e-01;2.761430e+00;1.847035e+00;3.423587e+00;2.613199e+00;1.641825e-01;1.219454e+00;2.951124e+01;3.162926e-01;-2.808486e+01;-4.454398e-01;-3.820706e+01;-2.032618e-01;-3.313714e+01;-2.462953e-01;7.467449e-02;1.194519e+00;2.166940e+00;3.582659e-01;2.066159e+00;1.808381e+00;1.395690e+00;9.885807e+00;2.982429e+01;3.043561e-01;9.018191e+02;6.730285e-02;1.190489e+03;7.867493e-02;-7.167685e+01;-1.360044e+00;1.679417e+03;4.021238e-02;9.279680e+02;1.635906e-01;-7.481795e+01;-1.261201e+00;2.994576e+03;3.343263e-02;6.474545e+02;2.808742e-01;-9.127270e+01;-8.999494e-01;-3.697250e+00;-5.127636e-01;3.084934e+01;1.335530e-01;1.939908e-01;1.119314e-01;7.008698e-03;8.241106e-01;2.607613e-01;7.692729e-01;3.415320e+01;1.667537e-01;-3.558391e+01;-1.274688e-01;-3.597511e+01;-1.412079e-01;-3.810934e+01;-1.414401e-01;-3.310737e+00;2.941990e+01;2.003881e-01;1.360423e-02;7.814474e-03;1.831502e+00;7.518798e-01;8.400000e-01;2.400000e-01;4.700000e-01;4.500000e-01;-3.796667e+01
'OWL#tame';0.000000;5.247861e+01;1.401213e-02;5.186961e+01;5.264235e+01;5.306077e+01;1.191158e+00;3.925407e+01;1.942619e+01;2.693368e+01;1.845034e+01;7.487580e-02;1.147344e+00;6.160690e-03;2.631344e-02;1.624862e-01;1.563255e-01;1.304183e+00;7.543678e-01;1.148715e+00;5.286694e-01;6.750911e-02;1.502388e+00;1.593094e+01;1.177840e+00;4.494187e+00;1.244220e+00;-2.072903e+01;-5.874576e-01;-3.328240e+01;-6.907902e-01;2.214554e-02;5.162121e-01;1.506512e+00;4.156367e-01;1.313844e+01;1.939784e-01;2.326339e+01;3.279907e-01;2.804826e+01;2.977392e-01;8.736519e+02;7.600258e-02;1.132868e+03;9.779659e-02;-1.850713e+02;-2.584876e-01;1.988095e+03;6.756879e-02;1.174649e+03;2.020635e-01;-1.472563e+02;-4.437265e-01;3.122986e+03;3.686119e-02;9.570422e+02;1.972614e-01;-1.491842e+02;-4.220208e-01;-3.279276e+01;-1.183473e-01;5.510292e+01;4.415612e-02;1.169976e-01;2.594656e-01;-5.980767e-02;-8.882567e-02;1.647698e-01;6.241774e-01;3.398354e+01;1.183287e-01;1.564502e+00;2.978657e+00;-3.176966e+01;-1.357104e-01;-5.257722e+01;-6.988242e-02;-1.441818e+01;2.434265e+01;1.206127e-01;-2.098298e-02;5.203549e-03;2.404810e+00;4.073320e-01;9.600000e-01;9.400000e-01;7.275000e-01;6.025103e-01;-4.437913e+01
'DOG#tame';0.000000;3.460218e+01;1.165938e-01;3.004937e+01;3.581440e+01;3.724123e+01;7.191868e+00;2.432668e+02;1.738180e+02;2.686278e+01;3.969806e+01;1.178928e-01;8.405796e-01;2.414767e-02;9.460141e-02;1.999638e-01;1.758161e-01;1.460675e+00;1.017792e+00;1.205898e+00;6.697618e-01;6.104271e-02;1.101296e+00;3.642895e+01;2.981429e-01;-1.163394e+01;-9.228616e-01;-5.036972e+01;-2.453520e-01;-4.367595e+01;-1.160244e-01;8.778341e-02;7.778853e-01;2.265781e+00;4.343951e-01;4.690242e-01;5.797601e+00;-9.258827e+00;-1.595638e+00;4.783332e+01;3.305461e-01;8.461489e+02;1.117829e-01;1.263474e+03;8.694027e-02;-8.411866e+01;-1.407276e+00;1.705991e+03;6.107715e-02;8.836561e+02;1.305566e-01;-9.072162e+01;-1.208171e+00;3.160466e+03;7.130716e-02;1.064535e+03;1.450586e-01;-1.071335e+02;-8.708107e-01;-1.905849e+01;-1.312649e-01;4.872802e+01;5.618040e-02;1.964363e-01;1.104836e-01;-4.060744e-02;-1.678031e-01;1.162959e-01;5.052425e-01;4.365772e+01;9.657467e-02;-2.052132e+01;-1.999447e-01;-5.805447e+01;-5.287803e-02;-4.449435e+01;-1.056090e-01;-2.020277e+01;4.204984e+01;2.070876e-01;-3.902475e-02;1.167426e-02;2.325582e+00;1.204819e+00;4.000000e-01;3.100000e-01;4.050000e-01;3.250000e-01;-4.696567e+01
'BRANCH#tame';0.000000;2.521501e+01;2.316999e-01;2.049712e+01;2.386211e+01;2.830842e+01;7.811300e+00;1.604059e+02;1.049152e+02;2.612178e+02;0;5.217076e-02;1.236838e+00;8.307714e-03;9.568374e-03;1.003784e-01;9.207068e-02;2.244897e+00;2.893324e+00;6.816536e-01;5.780620e-01;8.340855e-03;2.290157e+00;6.966228e-01;1.647959e+01;2.239614e+00;2.243428e+00;-3.389953e+00;-1.428560e+00;-1.390351e-02;-4.699622e+02;0;0;7.023668e-02;0;-3.346035e+00;-3.714384e-01;-6.487061e+00;-8.359333e-01;8.440962e+00;5.744782e-01;5.225132e+02;3.181495e-01;1.149798e+03;1.161907e-01;-1.991692e+02;-7.391686e-02;1.497658e+03;1.168074e-01;9.518124e+02;1.724364e-01;-1.989044e+02;-8.018047e-02;2.518622e+03;9.192180e-02;7.458017e+02;2.947111e-01;-1.989686e+02;-7.777508e-02;-5.884433e+00;-4.926297e-01;1.330247e+01;2.627551e-01;3.206225e-02;7.152508e-01;-7.385394e-03;-7.456422e-01;3.210925e-02;4.154296e-01;1.128347e+01;4.421017e-01;6.307236e-01;1.585367e+01;5.327810e-01;1.262627e+01;-1.135352e+01;-6.485015e-01;-1.734971e-01;6.520154e+00;5.468711e-02;2.100320e-03;8.109942e-03;5.536332e-01;2.083333e-01;2.000000e-02;0;2.368333e+00;3.709580e+00;-6.242709e+01
'BRANCHBIG#tame';0.000000;0;0;0;0;0;0;0;0;0;0;1.754173e-01;1.394629e+00;3.496922e-02;5.851903e-02;2.592419e-01;2.242727e-01;8.928123e+00;6.553392e+00;9.822668e+00;7.359260e+00;4.549850e-02;1.918123e+00;-2.735887e+00;-2.217227e+00;-1.778959e+01;-4.243066e-01;-3.968458e+00;-1.645862e+00;-1.225817e+00;-5.379279e+00;0;0;0;0;0;0;0;0;0;0;0;0;0;0;-201;0;0;0;0;0;-201;0;0;0;0;0;-201;0;0;0;0;0;0;0;0;0;0;0;0;0;0;0;0;0;0;0;6.464597e+00;2.742579e+00;5.692101e-02;1.398889e-02;4.657014e-02;2.358491e+00;0;0;0;2.060000e+00;0;-4.879331e+01
'FOLIAGE#tame';0.000000;0;0;0;0;0;0;0;0;0;0;1.702400e-01;1.331184e+00;2.761663e-02;5.764973e-02;2.879777e-01;2.603611e-01;9.736875e+00;6.934196e+00;1.253651e+00;0;3.601753e-02;1.853151e+00;-1.959538e+01;-2.376269e-01;-8.528619e+00;-5.258242e-01;8.711766e-01;4.149639e+00;-7.100103e-01;-5.040434e+00;0;0;0;0;0;0;0;0;0;0;0;0;0;0;-201;0;0;0;0;0;-201;0;0;0;0;0;-201;0;0;0;0;0;0;0;0;0;0;0;0;0;0;0;0;0;0;0;1.332811e+01;-4.556742e+00;1.014195e-01;2.243319e-02;3.825900e-02;9.803922e-01;0;0;0;9.600000e-01;0;-4.806691e+01
'TREESWAY#tame';0.000000;3.651538e+01;8.931039e-02;3.378082e+01;3.590646e+01;3.889972e+01;5.118896e+00;9.969633e+01;4.599299e+01;1.269125e+02;9.014815e+01;1.100407e-01;7.472914e-01;2.116981e-02;9.157780e-02;1.896126e-01;1.684428e-01;2.991790e+00;1.998440e+00;1.706224e+00;1.288893e+00;3.899953e-02;1.247895e+00;2.263252e+01;4.579912e-01;-4.560899e+01;-4.912974e-01;-4.428627e+01;-2.843354e-01;-9.576097e+00;-5.659581e-01;1.042542e-01;7.356639e-01;3.302239e+00;3.875988e-01;-7.004911e+00;-3.708171e-01;-1.173129e+01;-5.649027e-01;2.907606e+00;3.307779e+00;1.009918e+03;1.255881e-01;1.275263e+03;6.610002e-02;-1.229108e+02;-8.722280e-01;1.893041e+03;6.757578e-02;1.194024e+03;9.723518e-02;-1.236618e+02;-8.357224e-01;2.756010e+03;6.851695e-02;9.710490e+02;2.429054e-01;-1.274069e+02;-7.716748e-01;3.257744e+00;6.215689e-01;1.607929e+01;2.697980e-01;1.491216e-01;1.291960e-01;1.354767e-02;4.706634e-01;8.370906e-02;6.965486e-01;2.779757e+01;1.058562e-01;-6.395879e+01;-1.204662e-01;-4.685646e+01;-1.422756e-01;-1.235217e+01;-4.867437e-01;8.074258e-01;1.682355e+01;1.242735e-01;9.188840e-03;1.756775e-02;3.755365e+00;1.941748e+00;1.605556e-01;1.935766e-01;3.244444e-01;5.495071e-01;-5.394958e+01
'WINDCREEP#tame';0.000000;1.744291e+01;5.481688e-01;1.356969e+01;1.530456e+01;1.702033e+01;3.450642e+00;1.409470e+02;7.835806e+01;4.584375e+02;5.273721e+02;7.326906e-02;9.394721e-01;7.916229e-03;3.976675e-02;1.451555e-01;1.372392e-01;5.331942e-01;3.372597e-01;4.990393e-01;4.579539e-01;2.064765e-02;1.215417e+00;1.328437e+01;1.418506e+00;-8.490370e-01;-1.281701e+01;-4.464169e+00;-1.557721e+00;6.877993e+00;7.303851e-01;7.592658e-02;4.130857e-01;1.918921e+00;3.333833e-01;-5.849963e+00;-7.292514e-01;1.855082e+00;1.450631e+01;1.092477e+01;1.992866e+00;5.530329e+02;2.907880e-01;1.360503e+03;1.314824e-01;-1.825561e+02;-2.826517e-01;1.467371e+03;1.454293e-01;1.157309e+03;3.015316e-01;-1.826001e+02;-2.788975e-01;2.501357e+03;1.192887e-01;1.025685e+03;4.045948e-01;-1.828168e+02;-2.684011e-01;-1.126695e+01;-3.647167e-01;2.235357e+01;3.295495e-01;-3.180243e-02;-6.874609e-01;-3.743921e-03;-1.279636e+00;5.720556e-02;3.157509e-01;2.285295e+01;2.464580e-01;1.168228e+00;8.058034e+00;2.440183e+00;2.057924e+00;7.453631e+00;5.591155e-01;-3.730156e+00;1.332474e+01;1.128344e-02;9.029860e-04;1.658138e-02;1.261261e+00;1.266968e+00;6.571428e-02;8.788908e-02;5.729412e-01;1.248862e+00;-5.778542e+01
'DAYSPOOP#tame';0.000000;0;0;0;0;0;0;0;0;0;0;4.462080e-02;2.792655e+00;6.735114e-03;7.288441e-03;9.244419e-03;2.509304e-03;3.353320e+00;3.113384e+00;1.109124e+00;9.994811e-01;8.295341e-03;3.948150e+00;-5.818792e+00;-1.006987e+00;1.458973e+00;4.602737e+00;-5.805408e+00;-6.318051e-01;-1.644765e+00;-3.560636e+00;0;0;0;0;0;0;0;0;0;0;0;0;0;0;-201;0;0;0;0;0;-201;0;0;0;0;0;-201;0;0;0;0;0;0;0;0;0;0;0;0;0;0;0;0;0;0;0;2.701832e+00;3.504744e+00;7.810976e-02;5.737403e-03;8.329590e-03;1.384083e-01;0;0;0;1.439000e+01;0;-5.758059e+01
'URBANDEBRIS#tame';0.000000;3.554305e+01;1.610541e-01;2.791972e+01;3.739048e+01;4.044677e+01;1.252706e+01;1.864334e+02;1.084391e+02;1.888666e+02;4.815229e+01;1.533063e-01;1.170566e+00;3.544527e-02;7.323457e-02;2.501599e-01;2.147146e-01;7.977348e+00;5.542158e+00;3.081596e+00;2.456733e+00;5.566811e-02;1.761451e+00;3.120911e+01;1.957721e-01;-1.891616e+01;-7.774207e-01;-3.132291e+01;-4.066738e-01;-2.306304e+01;-2.981927e-01;2.146774e-01;1.183792e+00;1.693523e+00;4.868041e-01;-6.279103e+00;-3.778039e-01;-4.131858e+00;-1.159016e+00;1.414937e+01;3.926145e-01;7.077656e+02;2.624944e-01;1.413985e+03;9.969661e-02;-1.670242e+02;-4.551108e-01;1.669427e+03;1.136090e-01;1.198090e+03;8.512089e-02;-1.595895e+02;-4.926469e-01;2.621489e+03;8.669672e-02;1.104397e+03;1.846794e-01;-1.614729e+02;-4.646859e-01;-4.412427e+00;-5.483437e-01;1.535927e+01;1.932988e-01;1.766104e-01;1.002910e-01;-4.682213e-03;-1.275037e+00;1.580784e-01;1.022454e+00;2.989308e+01;2.292715e-01;-3.358507e+01;-1.407084e-01;-1.862616e+01;-3.493307e-01;-2.159789e+01;-2.641524e-01;-7.607772e+00;2.548955e+01;1.946959e-01;-1.220441e-02;3.198664e-02;1.388889e+00;1.895735e+00;9.500000e-02;6.020797e-02;4.075000e-01;5.489251e-01;-4.804444e+01
'DAYDRONE#tame';0.000000;1.552431e+01;1.507780e-01;1.343047e+01;1.529581e+01;1.751312e+01;4.082652e+00;9.500466e+01;4.130348e+01;1.082613e+02;5.851088e+01;1.706989e-01;6.376766e-01;6.153362e-02;1.495519e-01;3.059424e-01;2.444088e-01;3.379212e-01;2.702475e-01;1.680667e+00;8.491706e-01;3.291232e-01;8.725091e-01;4.371062e+01;1.331200e-01;2.951548e+01;1.226030e-01;2.250023e+01;1.244955e-01;1.284632e+01;2.880349e-01;1.622326e-01;6.981596e-01;2.297851e+00;4.593196e-01;-4.327428e+00;-5.982015e-01;5.510580e+00;4.064178e+00;4.707241e+01;2.943363e-01;4.498044e+02;1.415355e-01;1.400804e+03;9.855288e-02;-5.417119e+01;-9.901601e-01;1.514933e+03;9.029426e-02;1.427476e+03;1.468273e-01;-7.166553e+01;-6.602344e-01;2.675090e+03;5.093722e-02;1.305463e+03;2.543943e-01;-7.879126e+01;-5.632725e-01;-3.681189e+01;-4.876346e-02;4.931139e+01;3.950017e-02;-6.389279e-02;-3.307640e-01;-2.570206e-02;-1.895026e-01;3.626802e-01;7.931044e-01;4.548143e+01;6.373801e-02;2.893846e+01;1.005040e-01;2.253619e+01;1.358896e-01;1.236164e+01;2.927312e-01;-3.653425e+01;4.872963e+01;-7.118857e-02;-2.449578e-02;2.778963e-01;1.834862e+00;3.883495e+00;2.125000e-01;1.173403e-01;2.666667e-02;4.714045e-03;-3.372987e+01
